{
    "plugins": [
        "mobi.monaca.plugins.Monaca"
    ],
    "framework_version": "3.5",
    "xcode_version": "6",
    "cordova_version": "5.2",
    "plugin_settings": [],
    "external_plugins": [
        "cordova-plugin-splashscreen@2.1.0",
        "cordova-plugin-statusbar@1.0.1",
        "cordova-plugin-geolocation@1.0.1",
        "cordova-plugin-whitelist@1.0.0"
    ],
    "title-ja": "",
    "title-en": "",
    "description-ja": "",
    "description-en": "",
    "category": "User Template",
    "platform": [],
    "name": "generated-1448707940-5658fd99fd1734d92f602e6d"
}